"Id";"Designator";"Footprint";"Quantity";"Designation";"Supplier and ref";
1;"D12,D11,D18,D19,D15,D16,D13,D14,D17";"LED_PLCC_2835";9;"LED_w";;;
2;"R11,R16,R9,R18";"R_0603_1608Metric";4;"56R";;;
3;"R27,R21,R26,R25,R20,R24,R23,R22,R19";"R_0603_1608Metric";9;"68R";;;
4;"Q1,Q2";"SOT-523";2;"DMG1012T";;;
5;"R6,R7,R8,R5";"R_0805_2012Metric_Pad1.20x1.40mm_HandSolder";4;"0R";;;
6;"R2,R1";"R_0603_1608Metric";2;"5k1";;;
7;"D5,D4,D7,D6";"LED_PLCC_2835";4;"LED_365";;;
8;"R17,R10";"R_0603_1608Metric";2;"43R";;;
9;"D8,D1,D3,D10";"LED_PLCC-2_3.4x3.0mm_KA";4;"LED_405";;;
10;"D2,D9";"LED_PLCC-2_3.4x3.0mm_AK";2;"LED_blue";;;
11;"R4,R3";"R_0805_2012Metric_Pad1.20x1.40mm_HandSolder";2;"4k7";;;
12;"R13,R12,R14,R15";"R_0603_1608Metric";4;"51R";;;
13;"U1";"Bosch_LGA-8_2.5x2.5mm_P0.65mm_ClockwisePinNumbering";1;"BME280";;;
14;"J1";"USB_C_Receptacle_Amphenol_12401610E4-2A";1;"USB_C_Receptacle_PowerOnly_6P";;;
15;"C1";"C_0603_1608Metric";1;"100nF";;;
16;"J2";"PinSocket_2x20_P2.54mm_Vertical";1;"Conn_02x20_Odd_Even";;;
17;"J4,J3";"PinSocket_1x05_P2.54mm_Vertical";2;"Conn_01x05_Socket";;;
